,route,time
0,"{'AAL', 'AMS'}",85.0
1,"{'AAQ', 'LED'}",170.0
2,"{'AMS', 'ABZ'}",85.0
3,"{'ABZ', 'LGW'}",95.0
4,"{'ACE', 'AGP'}",130.0
5,"{'ACE', 'BCN'}",185.0
6,"{'ACE', 'BFS'}",265.0
7,"{'ACE', 'BGY'}",242.5
8,"{'ACE', 'BHX'}",255.0
9,"{'ACE', 'BOD'}",195.0
10,"{'ACE', 'BRU'}",250.0
11,"{'ACE', 'CDG'}",240.0
12,"{'ACE', 'CRL'}",250.0
13,"{'ACE', 'EDI'}",280.0
14,"{'ACE', 'HAM'}",285.0
15,"{'ACE', 'LGW'}",247.5
16,"{'ACE', 'LPL'}",250.0
17,"{'ACE', 'LTN'}",257.5
18,"{'ACE', 'MAD'}",155.0
19,"{'ACE', 'OSL'}",325.0
20,"{'ACI', 'GCI'}",20.0
21,"{'ACI', 'SOU'}",40.0
22,"{'AER', 'CEE'}",210.0
23,"{'AER', 'DME'}",215.0
24,"{'AER', 'KJA'}",325.0
25,"{'AER', 'KZN'}",205.0
26,"{'AER', 'LED'}",240.0
27,"{'AER', 'PEE'}",203.75
28,"{'AER', 'PKV'}",245.0
29,"{'AER', 'SVO'}",225.83333333333334
30,"{'AER', 'VKO'}",165.0
31,"{'AER', 'ZIA'}",225.0
32,"{'AES', 'ALC'}",230.0
33,"{'AES', 'BGO'}",50.0
34,"{'BCN', 'AGP'}",97.5
35,"{'BOD', 'AGP'}",110.0
36,"{'GOT', 'AGP'}",230.0
37,"{'HAM', 'AGP'}",205.0
38,"{'LGW', 'AGP'}",165.0
39,"{'MAD', 'AGP'}",80.0
40,"{'AHO', 'BGY'}",77.5
41,"{'AHO', 'FCO'}",65.0
42,"{'AHO', 'LIN'}",70.0
43,"{'AJA', 'MRS'}",50.0
44,"{'AJA', 'NCE'}",50.0
45,"{'AJA', 'ORY'}",100.0
46,"{'ALC', 'BCN'}",70.0
47,"{'BGY', 'ALC'}",130.0
48,"{'ALC', 'BHX'}",160.0
49,"{'BRS', 'ALC'}",145.0
50,"{'ALC', 'BRU'}",150.0
51,"{'CWL', 'ALC'}",140.0
52,"{'ALC', 'GDN'}",217.5
53,"{'ALC', 'GOT'}",215.0
54,"{'ALC', 'HAM'}",175.0
55,"{'ALC', 'LGW'}",155.0
56,"{'LPL', 'ALC'}",160.0
57,"{'ALC', 'MAD'}",70.0
58,"{'ALC', 'MST'}",155.0
59,"{'ALC', 'OPO'}",95.0
60,"{'ALC', 'OTP'}",220.0
61,"{'ALC', 'WMI'}",205.0
62,"{'ABZ', 'AMS'}",95.0
63,"{'AMS', 'AGP'}",187.5
64,"{'AMS', 'ALC'}",172.5
65,"{'AMS', 'ARN'}",130.0
66,"{'ATH', 'AMS'}",220.0
67,"{'AMS', 'BCN'}",142.5
68,"{'AMS', 'BGO'}",107.5
69,"{'AMS', 'BHX'}",80.0
70,"{'AMS', 'BLL'}",75.0
71,"{'AMS', 'BOJ'}",200.0
72,"{'AMS', 'BRS'}",85.0
73,"{'AMS', 'CDG'}",80.0
74,"{'AMS', 'CWL'}",80.0
75,"{'AMS', 'FLR'}",130.0
76,"{'AMS', 'FUE'}",275.0
77,"{'AMS', 'GDN'}",110.0
78,"{'AMS', 'GVA'}",97.5
79,"{'AMS', 'HAM'}",70.0
80,"{'AMS', 'HEL'}",160.0
81,"{'AMS', 'LGW'}",80.0
82,"{'LTN', 'AMS'}",70.0
83,"{'AMS', 'MUC'}",100.0
84,"{'AMS', 'NWI'}",55.0
85,"{'AMS', 'OPO'}",162.5
86,"{'AMS', 'OTP'}",185.0
87,"{'AMS', 'PRG'}",80.0
88,"{'AMS', 'RVN'}",185.0
89,"{'AMS', 'SOU'}",75.0
90,"{'AMS', 'VLC'}",160.0
91,"{'AMS', 'ZRH'}",102.5
92,"{'ANX', 'EVE'}",25.0
93,"{'ANX', 'TOS'}",30.0
94,"{'ARH', 'LED'}",90.0
95,"{'SVO', 'ARH'}",125.0
96,"{'ARN', 'AGP'}",265.0
97,"{'ALC', 'ARN'}",245.0
98,"{'BGY', 'ARN'}",165.0
99,"{'ARN', 'GDN'}",82.5
100,"{'ARN', 'GOT'}",65.0
101,"{'HEL', 'ARN'}",77.5
102,"{'MUC', 'ARN'}",135.0
103,"{'ARN', 'POZ'}",100.0
104,"{'ARN', 'WMI'}",102.5
105,"{'ASF', 'SVO'}",162.5
106,"{'ATH', 'AXD'}",61.666666666666664
107,"{'ATH', 'BCN'}",175.0
108,"{'ATH', 'BLQ'}",135.0
109,"{'ATH', 'BRU'}",180.0
110,"{'ATH', 'CDG'}",210.0
111,"{'ATH', 'GVA'}",165.0
112,"{'ATH', 'JKH'}",51.666666666666664
113,"{'JMK', 'ATH'}",45.0
114,"{'KVA', 'ATH'}",75.0
115,"{'ATH', 'LGW'}",230.0
116,"{'ATH', 'MAD'}",245.0
117,"{'ATH', 'OTP'}",95.0
118,"{'ATH', 'RHO'}",60.0
119,"{'ATH', 'SKG'}",53.333333333333336
120,"{'SMI', 'ATH'}",65.0
121,"{'ATH', 'ZRH'}",165.0
122,"{'AXD', 'JSH'}",100.0
123,"{'AGP', 'BCN'}",92.5
124,"{'BLQ', 'BCN'}",100.0
125,"{'BOD', 'BCN'}",75.0
126,"{'BRU', 'BCN'}",120.0
127,"{'CAG', 'BCN'}",90.0
128,"{'CRL', 'BCN'}",115.0
129,"{'GOA', 'BCN'}",95.0
130,"{'GOT', 'BCN'}",190.0
131,"{'LGW', 'BCN'}",125.0
132,"{'MST', 'BCN'}",120.0
133,"{'OPO', 'BCN'}",105.0
134,"{'OTP', 'BCN'}",205.0
135,"{'BDS', 'BGY'}",100.0
136,"{'BDS', 'BLQ'}",85.0
137,"{'BEG', 'ATH'}",100.0
138,"{'BEG', 'BCN'}",165.0
139,"{'BEG', 'BUD'}",65.0
140,"{'BEG', 'BVA'}",152.5
141,"{'BEG', 'CDG'}",155.0
142,"{'BEG', 'INI'}",55.0
143,"{'BEG', 'KZN'}",245.0
144,"{'BEG', 'LED'}",172.5
145,"{'BEG', 'LIS'}",240.0
146,"{'BEG', 'OSL'}",170.0
147,"{'BEG', 'SVO'}",190.0
148,"{'BEG', 'TGD'}",53.75
149,"{'BEG', 'TIV'}",50.0
150,"{'BEG', 'VIE'}",90.0
151,"{'BEG', 'WAW'}",100.0
152,"{'BEG', 'ZRH'}",100.0
153,"{'BFS', 'ALC'}",177.5
154,"{'BFS', 'BHX'}",65.0
155,"{'BFS', 'EDI'}",52.5
156,"{'BFS', 'GVA'}",135.0
157,"{'BGC', 'VRL'}",20.0
158,"{'AGP', 'BGO'}",240.0
159,"{'BGY', 'AGP'}",155.0
160,"{'ALC', 'BGY'}",130.0
161,"{'ARN', 'BGY'}",165.0
162,"{'BGY', 'BCN'}",100.0
163,"{'BRS', 'BGY'}",120.0
164,"{'BVA', 'BGY'}",90.0
165,"{'BGY', 'CAG'}",90.0
166,"{'BGY', 'CRL'}",92.5
167,"{'BGY', 'IAS'}",145.0
168,"{'BGY', 'OPO'}",155.0
169,"{'BGY', 'OTP'}",137.5
170,"{'PSR', 'BGY'}",75.0
171,"{'BGY', 'SUF'}",102.5
172,"{'BGY', 'VLC'}",122.5
173,"{'BHD', 'AMS'}",92.5
174,"{'BHD', 'BHX'}",75.0
175,"{'BHD', 'LGW'}",85.0
176,"{'BHD', 'LHR'}",80.0
177,"{'BHD', 'LPL'}",50.0
178,"{'BHD', 'MAN'}",65.0
179,"{'BHX', 'AGP'}",175.0
180,"{'BHX', 'BCN'}",130.0
181,"{'BHX', 'CRA'}",210.0
182,"{'BHX', 'FUE'}",260.0
183,"{'BHX', 'OPO'}",140.0
184,"{'BHX', 'OTP'}",215.0
185,"{'BHX', 'POZ'}",135.0
186,"{'BHX', 'VLC'}",150.0
187,"{'BIO', 'ACE'}",170.0
188,"{'BIO', 'AMS'}",135.0
189,"{'BIO', 'BCN'}",72.5
190,"{'BIO', 'CDG'}",102.5
191,"{'BIO', 'FUE'}",175.0
192,"{'BIO', 'LGW'}",108.33333333333333
193,"{'BIO', 'MAD'}",67.5
194,"{'BIO', 'MUC'}",135.0
195,"{'BIO', 'OPO'}",77.5
196,"{'GDN', 'BLL'}",90.0
197,"{'OTP', 'BLL'}",180.0
198,"{'CRA', 'BLQ'}",120.0
199,"{'BNN', 'BOO'}",40.0
200,"{'BNN', 'TRD'}",45.0
201,"{'BNX', 'GOT'}",145.0
202,"{'BCN', 'BOD'}",80.0
203,"{'BOH', 'AGP'}",157.5
204,"{'BOO', 'LKN'}",25.0
205,"{'BOO', 'MJF'}",35.0
206,"{'BRE', 'MUC'}",75.0
207,"{'BRI', 'BGY'}",90.0
208,"{'BRI', 'BUD'}",91.66666666666667
209,"{'BRI', 'CRL'}",145.0
210,"{'BRI', 'FCO'}",70.0
211,"{'BRI', 'LIN'}",85.0
212,"{'BRI', 'MLA'}",80.0
213,"{'BRI', 'MXP'}",97.5
214,"{'BRI', 'OTP'}",105.0
215,"{'BRI', 'TIA'}",60.0
216,"{'BRI', 'TRN'}",97.5
217,"{'BRI', 'VCE'}",80.0
218,"{'BRI', 'VRN'}",82.5
219,"{'BRI', 'WMI'}",130.0
220,"{'BRS', 'AGP'}",165.0
221,"{'ALC', 'BRS'}",160.0
222,"{'BRS', 'BCN'}",125.0
223,"{'BGY', 'BRS'}",125.0
224,"{'BRS', 'FUE'}",240.0
225,"{'GNB', 'BRS'}",112.5
226,"{'BRS', 'OPO'}",125.0
227,"{'BRS', 'POZ'}",135.0
228,"{'AGP', 'BRU'}",190.0
229,"{'BCN', 'BRU'}",130.0
230,"{'BSL', 'ACE'}",245.0
231,"{'BSL', 'AMS'}",85.0
232,"{'BSL', 'CDG'}",75.0
233,"{'BSL', 'CTA'}",135.0
234,"{'BSL', 'FUE'}",250.0
235,"{'BSL', 'MUC'}",60.0
236,"{'BSL', 'OTP'}",152.5
237,"{'BSL', 'PRN'}",130.0
238,"{'BSL', 'SUF'}",130.0
239,"{'BTS', 'KUN'}",105.0
240,"{'BTS', 'LTN'}",150.0
241,"{'BUD', 'AGP'}",213.75
242,"{'BUD', 'ARN'}",145.0
243,"{'BUD', 'ATH'}",120.0
244,"{'BUD', 'BCN'}",157.5
245,"{'BUD', 'BGY'}",94.5
246,"{'BUD', 'BHX'}",165.0
247,"{'BUD', 'BLQ'}",90.0
248,"{'BUD', 'BRS'}",160.0
249,"{'BUD', 'CIA'}",100.0
250,"{'BUD', 'CRL'}",122.5
251,"{'BUD', 'CTA'}",130.0
252,"{'BUD', 'HEL'}",142.5
253,"{'BUD', 'LHR'}",170.0
254,"{'BUD', 'LTN'}",157.5
255,"{'BUD', 'MAD'}",205.0
256,"{'BUD', 'MLA'}",140.0
257,"{'BUD', 'MRS'}",130.0
258,"{'BUD', 'MXP'}",105.0
259,"{'BUD', 'PRG'}",72.5
260,"{'BUD', 'WAW'}",77.5
261,"{'BVA', 'BCN'}",105.0
262,"{'BGY', 'BVA'}",100.0
263,"{'BVA', 'OPO'}",132.5
264,"{'BZG', 'LTN'}",135.0
265,"{'BZO', 'BLL'}",135.0
266,"{'BZR', 'CRL'}",100.0
267,"{'CDG', 'AGP'}",165.0
268,"{'ARN', 'CDG'}",165.0
269,"{'CDG', 'BCN'}",105.0
270,"{'CDG', 'BHX'}",85.0
271,"{'CDG', 'BLQ'}",105.0
272,"{'CDG', 'BOD'}",85.0
273,"{'CDG', 'BRU'}",70.0
274,"{'CDG', 'GOT'}",140.0
275,"{'HEL', 'CDG'}",200.0
276,"{'MUC', 'CDG'}",100.0
277,"{'CDG', 'OTP'}",190.0
278,"{'TOS', 'CDG'}",240.0
279,"{'CDT', 'NRN'}",152.5
280,"{'LED', 'CEE'}",55.0
281,"{'CEK', 'LED'}",180.0
282,"{'SVO', 'CEK'}",155.0
283,"{'CEK', 'VKO'}",152.5
284,"{'CFU', 'ATH'}",60.0
285,"{'CGN', 'AGP'}",180.0
286,"{'CGN', 'FUE'}",268.3333333333333
287,"{'CGN', 'MUC'}",65.0
288,"{'VAR', 'CGN'}",180.0
289,"{'CHQ', 'ATH'}",52.5
290,"{'CRL', 'CIA'}",120.0
291,"{'OTP', 'CIA'}",125.0
292,"{'CLJ', 'BGY'}",121.66666666666667
293,"{'CLJ', 'CIA'}",130.0
294,"{'LTN', 'CLJ'}",175.0
295,"{'CLJ', 'OTP'}",55.0
296,"{'CLY', 'NCE'}",40.0
297,"{'CMF', 'BHX'}",115.0
298,"{'CPH', 'AAL'}",48.333333333333336
299,"{'CPH', 'AAR'}",40.0
300,"{'CPH', 'AGP'}",220.0
301,"{'CPH', 'ALC'}",200.0
302,"{'CPH', 'AMS'}",87.5
303,"{'CPH', 'ARN'}",72.5
304,"{'CPH', 'BUD'}",115.0
305,"{'CPH', 'BZO'}",130.0
306,"{'CPH', 'CDG'}",120.0
307,"{'CPH', 'CGN'}",85.0
308,"{'CPH', 'FAE'}",135.0
309,"{'CPH', 'FAO'}",235.0
310,"{'CPH', 'FRA'}",90.0
311,"{'CPH', 'GDN'}",65.0
312,"{'CPH', 'GOT'}",52.5
313,"{'CPH', 'GVA'}",123.75
314,"{'CPH', 'HAM'}",60.0
315,"{'CPH', 'HEL'}",100.0
316,"{'CPH', 'KRK'}",105.0
317,"{'CPH', 'KUN'}",90.0
318,"{'CPH', 'LHR'}",125.0
319,"{'CPH', 'MAD'}",195.0
320,"{'CPH', 'MAN'}",120.0
321,"{'CPH', 'MUC'}",100.0
322,"{'CPH', 'OPO'}",205.0
323,"{'CPH', 'OSL'}",75.0
324,"{'CPH', 'RIX'}",85.0
325,"{'CPH', 'STN'}",115.0
326,"{'CPH', 'SZG'}",96.66666666666667
327,"{'CPH', 'VIE'}",102.5
328,"{'CPH', 'ZRH'}",105.0
329,"{'BLQ', 'CRA'}",110.0
330,"{'CRL', 'CRA'}",150.0
331,"{'BCN', 'CRL'}",135.0
332,"{'CIA', 'CRL'}",130.0
333,"{'OTP', 'CRL'}",175.0
334,"{'CRV', 'BGY'}",105.0
335,"{'CRV', 'BLQ'}",100.0
336,"{'CSY', 'SVO'}",95.0
337,"{'CSY', 'VKO'}",85.0
338,"{'CTA', 'BGY'}",112.5
339,"{'CTA', 'BLQ'}",105.0
340,"{'CTA', 'CRL'}",160.0
341,"{'CTA', 'FLR'}",95.0
342,"{'CTA', 'OTP'}",130.0
343,"{'CTA', 'PRG'}",140.0
344,"{'CTA', 'VRN'}",107.5
345,"{'DBV', 'ZAG'}",55.0
346,"{'DEB', 'LTN'}",167.5
347,"{'DME', 'AER'}",217.5
348,"{'DME', 'ARH'}",110.0
349,"{'DME', 'GRV'}",185.0
350,"{'DME', 'HTA'}",402.5
351,"{'DME', 'IJK'}",100.0
352,"{'DME', 'KZN'}",105.0
353,"{'DME', 'LED'}",96.25
354,"{'DME', 'MMK'}",165.0
355,"{'DME', 'MSQ'}",85.0
356,"{'DME', 'NOZ'}",277.5
357,"{'DME', 'PEE'}",145.0
358,"{'DME', 'PEZ'}",80.0
359,"{'DME', 'VOG'}",110.0
360,"{'DTM', 'BEG'}",125.0
361,"{'DTM', 'BUD'}",105.0
362,"{'DTM', 'CLJ'}",130.0
363,"{'DTM', 'FCO'}",125.0
364,"{'DTM', 'GDN'}",95.0
365,"{'DTM', 'KTW'}",95.0
366,"{'DTM', 'SZY'}",107.5
367,"{'DTM', 'TZL'}",130.0
368,"{'DTM', 'VNO'}",125.0
369,"{'DUS', 'ACE'}",265.0
370,"{'DUS', 'AMS'}",55.0
371,"{'DUS', 'CDG'}",75.0
372,"{'DUS', 'CPH'}",75.0
373,"{'DUS', 'FRA'}",50.0
374,"{'DUS', 'FUE'}",265.0
375,"{'DUS', 'HEL'}",140.0
376,"{'DUS', 'IVL'}",210.0
377,"{'DUS', 'KIV'}",160.0
378,"{'DUS', 'KTT'}",190.0
379,"{'DUS', 'LHR'}",85.0
380,"{'DUS', 'LIS'}",185.0
381,"{'DUS', 'MAD'}",160.0
382,"{'DUS', 'MUC'}",70.0
383,"{'DUS', 'PRN'}",162.5
384,"{'DUS', 'SPC'}",277.5
385,"{'DUS', 'TIA'}",145.0
386,"{'DUS', 'TOS'}",210.0
387,"{'DUS', 'VIE'}",95.0
388,"{'DUS', 'ZRH'}",70.0
389,"{'EAS', 'BCN'}",65.0
390,"{'EAS', 'MAD'}",65.0
391,"{'EDI', 'AGP'}",200.0
392,"{'EDI', 'BCN'}",160.0
393,"{'EDI', 'BHX'}",65.0
394,"{'EDI', 'BRS'}",75.0
395,"{'EDI', 'CRL'}",105.0
396,"{'EDI', 'FUE'}",285.0
397,"{'EDI', 'GOT'}",112.5
398,"{'EDI', 'GVA'}",137.5
399,"{'EDI', 'LGW'}",85.0
400,"{'EDI', 'MAD'}",175.0
401,"{'EIN', 'AGP'}",177.5
402,"{'EIN', 'ALC'}",155.0
403,"{'EIN', 'ATH'}",175.0
404,"{'EIN', 'BDS'}",145.0
405,"{'EIN', 'BGY'}",97.5
406,"{'EIN', 'BUD'}",120.0
407,"{'EIN', 'CLJ'}",140.0
408,"{'EIN', 'DEB'}",130.0
409,"{'EIN', 'KRK'}",115.0
410,"{'EIN', 'LIS'}",175.0
411,"{'EIN', 'SZG'}",85.0
412,"{'EIN', 'VNO'}",137.5
413,"{'EMA', 'ACE'}",252.5
414,"{'EMA', 'AGP'}",180.0
415,"{'EMA', 'ALC'}",165.0
416,"{'EMA', 'BFS'}",65.0
417,"{'EMA', 'FUE'}",256.6666666666667
418,"{'EMA', 'GVA'}",112.5
419,"{'EMA', 'ORY'}",105.0
420,"{'EMA', 'RZE'}",165.0
421,"{'FAO', 'AMS'}",190.0
422,"{'FAO', 'BFS'}",188.75
423,"{'FAO', 'GLA'}",200.0
424,"{'FAO', 'LIS'}",47.5
425,"{'FAO', 'LPL'}",180.0
426,"{'FAO', 'LTN'}",172.5
427,"{'FAO', 'NRN'}",187.5
428,"{'FCO', 'AGP'}",157.5
429,"{'FCO', 'AHO'}",65.0
430,"{'FCO', 'AMS'}",155.0
431,"{'FCO', 'AOI'}",65.0
432,"{'FCO', 'ATH'}",125.0
433,"{'FCO', 'BCN'}",105.0
434,"{'FCO', 'BDS'}",75.0
435,"{'FCO', 'BLQ'}",60.0
436,"{'FCO', 'BRU'}",125.0
437,"{'FCO', 'BUD'}",105.0
438,"{'FCO', 'CAG'}",65.0
439,"{'FCO', 'CDG'}",127.5
440,"{'FCO', 'CGN'}",120.0
441,"{'FCO', 'CTA'}",80.0
442,"{'FCO', 'EIN'}",130.0
443,"{'FCO', 'FLR'}",55.0
444,"{'FCO', 'FMM'}",90.0
445,"{'FCO', 'GOA'}",65.0
446,"{'FCO', 'KIV'}",160.0
447,"{'FCO', 'LGW'}",150.0
448,"{'FCO', 'LHR'}",160.0
449,"{'FCO', 'LIN'}",70.0
450,"{'FCO', 'LIS'}",185.0
451,"{'FCO', 'LYS'}",95.0
452,"{'FCO', 'MAD'}",152.5
453,"{'FCO', 'MLA'}",90.0
454,"{'FCO', 'MRS'}",87.5
455,"{'FCO', 'MUC'}",90.0
456,"{'FCO', 'NCE'}",70.0
457,"{'FCO', 'OLB'}",62.5
458,"{'FCO', 'ORY'}",115.0
459,"{'FCO', 'OTP'}",140.0
460,"{'FCO', 'PMO'}",67.5
461,"{'FCO', 'POZ'}",140.0
462,"{'FCO', 'PRG'}",110.0
463,"{'FCO', 'RDO'}",135.0
464,"{'FCO', 'SCV'}",142.5
465,"{'FCO', 'SPU'}",65.0
466,"{'FCO', 'SUF'}",70.0
467,"{'FCO', 'TIA'}",80.0
468,"{'FCO', 'TRN'}",75.0
469,"{'FCO', 'TRS'}",65.0
470,"{'FCO', 'VIE'}",102.5
471,"{'FCO', 'VLC'}",125.0
472,"{'FCO', 'VRN'}",60.0
473,"{'FCO', 'WAW'}",145.0
474,"{'FCO', 'ZRH'}",95.0
475,"{'FKB', 'ALC'}",142.5
476,"{'FKB', 'OPO'}",160.0
477,"{'FLR', 'CDG'}",110.0
478,"{'FLR', 'LGW'}",130.0
479,"{'FLR', 'MAD'}",145.0
480,"{'FLR', 'MUC'}",75.0
481,"{'FMM', 'CLJ'}",115.0
482,"{'FMM', 'OPO'}",170.0
483,"{'FMM', 'OTP'}",135.0
484,"{'FMM', 'TZL'}",97.5
485,"{'FNC', 'AMS'}",250.0
486,"{'FNC', 'BRS'}",217.5
487,"{'FNC', 'BSL'}",235.0
488,"{'FNC', 'BUD'}",295.0
489,"{'FNC', 'KTW'}",305.0
490,"{'FNC', 'LIS'}",103.33333333333333
491,"{'FNC', 'MAD'}",145.0
492,"{'FNC', 'OPO'}",115.0
493,"{'FNC', 'ORY'}",215.0
494,"{'FNC', 'PXO'}",25.0
495,"{'FRA', 'ACE'}",270.0
496,"{'FRA', 'AGP'}",185.0
497,"{'FRA', 'ALC'}",165.0
498,"{'FRA', 'AMS'}",75.0
499,"{'FRA', 'ARN'}",132.5
500,"{'FRA', 'BCN'}",130.0
501,"{'FRA', 'BLQ'}",90.0
502,"{'FRA', 'BRE'}",60.0
503,"{'FRA', 'BRS'}",97.5
504,"{'FRA', 'BRU'}",60.0
505,"{'FRA', 'BSL'}",55.0
506,"{'FRA', 'BUD'}",100.0
507,"{'FRA', 'CDG'}",75.0
508,"{'FRA', 'DRS'}",65.0
509,"{'FRA', 'DUS'}",50.0
510,"{'FRA', 'FLR'}",92.5
511,"{'FRA', 'FUE'}",275.0
512,"{'FRA', 'GOT'}",105.0
513,"{'FRA', 'GRZ'}",85.0
514,"{'FRA', 'GVA'}",65.0
515,"{'FRA', 'HAM'}",67.5
516,"{'FRA', 'HEL'}",160.0
517,"{'FRA', 'HHN'}",45.0
518,"{'FRA', 'IVL'}",220.0
519,"{'FRA', 'KAO'}",190.0
520,"{'FRA', 'KRK'}",97.5
521,"{'FRA', 'LEJ'}",60.0
522,"{'FRA', 'LGW'}",90.0
523,"{'FRA', 'LHR'}",105.0
524,"{'FRA', 'LIN'}",77.5
525,"{'FRA', 'MAN'}",105.0
526,"{'FRA', 'MUC'}",65.0
527,"{'FRA', 'MXP'}",80.0
528,"{'FRA', 'NUE'}",45.0
529,"{'FRA', 'OSL'}",140.0
530,"{'FRA', 'POZ'}",90.0
531,"{'FRA', 'PRG'}",70.0
532,"{'FRA', 'STR'}",50.0
533,"{'FRA', 'SZG'}",65.0
534,"{'FRA', 'TLL'}",155.0
535,"{'FRA', 'TRN'}",80.0
536,"{'FRA', 'VIE'}",86.66666666666667
537,"{'FRA', 'WAW'}",120.0
538,"{'FRA', 'WRO'}",85.0
539,"{'FRA', 'ZAG'}",95.0
540,"{'FRA', 'ZRH'}",60.0
541,"{'FRO', 'BGO'}",35.0
542,"{'NCE', 'FSC'}",55.0
543,"{'GCI', 'BHX'}",85.0
544,"{'GCI', 'JER'}",20.0
545,"{'GCI', 'LGW'}",71.66666666666667
546,"{'GCI', 'SOU'}",45.0
547,"{'AGP', 'GDN'}",245.0
548,"{'GDZ', 'LED'}",180.0
549,"{'GLA', 'ACE'}",280.0
550,"{'GLA', 'AMS'}",92.5
551,"{'GLA', 'BRS'}",75.0
552,"{'GLA', 'CDG'}",110.0
553,"{'GLA', 'FUE'}",280.0
554,"{'GLA', 'GVA'}",137.5
555,"{'GLA', 'LTN'}",75.0
556,"{'GLA', 'SYY'}",60.0
557,"{'BRS', 'GNB'}",100.0
558,"{'BCN', 'GOA'}",95.0
559,"{'GOJ', 'LED'}",125.0
560,"{'GOJ', 'SVO'}",80.0
561,"{'GOJ', 'VOG'}",102.5
562,"{'AGP', 'GOT'}",235.0
563,"{'BGO', 'GOT'}",75.0
564,"{'GRO', 'BHX'}",135.0
565,"{'GRX', 'BCN'}",87.5
566,"{'GRX', 'MAD'}",70.0
567,"{'GVA', 'ARN'}",160.0
568,"{'GVA', 'BCN'}",90.0
569,"{'GVA', 'BHX'}",110.0
570,"{'GVA', 'BOH'}",100.0
571,"{'GVA', 'BRS'}",105.0
572,"{'GVA', 'BRU'}",80.0
573,"{'GVA', 'GOT'}",135.0
574,"{'GVA', 'LGW'}",97.5
575,"{'GVA', 'LPL'}",115.0
576,"{'GVA', 'MAD'}",125.0
577,"{'GVA', 'MUC'}",75.0
578,"{'GVA', 'OPO'}",135.0
579,"{'GVA', 'PRN'}",137.5
580,"{'GVA', 'SOU'}",100.0
581,"{'HAJ', 'FRA'}",55.0
582,"{'HAJ', 'FUE'}",280.0
583,"{'HAJ', 'MUC'}",70.0
584,"{'AGP', 'HAM'}",200.0
585,"{'FUE', 'HAM'}",295.0
586,"{'HAU', 'BGO'}",30.0
587,"{'ARN', 'HEL'}",65.0
588,"{'HEL', 'BCN'}",245.0
589,"{'HEL', 'BRU'}",157.5
590,"{'CDG', 'HEL'}",170.0
591,"{'HEL', 'GOT'}",122.5
592,"{'HEL', 'HAM'}",117.5
593,"{'HEL', 'IVL'}",90.0
594,"{'HEL', 'MAD'}",265.0
595,"{'OUL', 'HEL'}",62.5
596,"{'RVN', 'HEL'}",77.5
597,"{'HHN', 'AGP'}",175.0
598,"{'INI', 'HHN'}",135.0
599,"{'IAS', 'CIA'}",140.0
600,"{'IAS', 'OTP'}",70.0
601,"{'IBZ', 'BCN'}",55.0
602,"{'IBZ', 'MAD'}",75.0
603,"{'IBZ', 'VLC'}",50.0
604,"{'HHN', 'INI'}",130.0
605,"{'INI', 'LJU'}",112.5
606,"{'INN', 'BRS'}",127.5
607,"{'INN', 'EDI'}",155.0
608,"{'INN', 'FRA'}",65.0
609,"{'INN', 'LGW'}",123.33333333333333
610,"{'INN', 'MAN'}",140.0
611,"{'INN', 'VIE'}",57.5
612,"{'INV', 'LGW'}",97.5
613,"{'IOA', 'ATH'}",72.5
614,"{'IOM', 'LHR'}",95.0
615,"{'IWA', 'LED'}",105.0
616,"{'LGW', 'JER'}",60.0
617,"{'SOU', 'JER'}",50.0
618,"{'ATH', 'JMK'}",45.0
619,"{'JTR', 'ATH'}",55.0
620,"{'KAO', 'HEL'}",102.5
621,"{'KGD', 'LED'}",105.0
622,"{'VKO', 'KGD'}",115.0
623,"{'KGS', 'ATH'}",61.666666666666664
624,"{'KGS', 'RHO'}",30.0
625,"{'KGS', 'SKG'}",97.5
626,"{'KIV', 'CDG'}",195.0
627,"{'KIV', 'LIS'}",270.0
628,"{'KIV', 'OTP'}",72.5
629,"{'KJA', 'LED'}",297.5
630,"{'SVO', 'KJA'}",292.5
631,"{'KJA', 'VKO'}",286.6666666666667
632,"{'KKN', 'VDS'}",15.0
633,"{'KRK', 'AGP'}",222.5
634,"{'KRK', 'AMS'}",120.0
635,"{'KRK', 'ARN'}",120.0
636,"{'KRK', 'BCN'}",167.5
637,"{'KRK', 'BGY'}",107.5
638,"{'KRK', 'BHX'}",152.5
639,"{'KRK', 'BLQ'}",105.0
640,"{'KRK', 'BVA'}",135.0
641,"{'KRK', 'CAG'}",147.5
642,"{'KRK', 'CIA'}",120.0
643,"{'KRK', 'CRL'}",120.0
644,"{'KRK', 'EDI'}",165.0
645,"{'KRK', 'EIN'}",120.0
646,"{'KRK', 'GOT'}",107.5
647,"{'KRK', 'LGW'}",155.0
648,"{'KRK', 'LIL'}",127.5
649,"{'KRK', 'LTN'}",147.5
650,"{'KRK', 'NYO'}",110.0
651,"{'KRK', 'OSL'}",137.5
652,"{'KRK', 'PSA'}",115.0
653,"{'KRK', 'TGD'}",100.0
654,"{'KRK', 'TLS'}",160.0
655,"{'KRK', 'VIE'}",62.5
656,"{'KRK', 'VLC'}",185.0
657,"{'KRK', 'WAW'}",55.0
658,"{'KRR', 'SVO'}",140.0
659,"{'KRR', 'VKO'}",132.5
660,"{'KRS', 'AMS'}",90.0
661,"{'KRS', 'BGO'}",50.0
662,"{'KSC', 'PRG'}",75.0
663,"{'KTT', 'HEL'}",86.66666666666667
664,"{'KTT', 'ZRH'}",220.0
665,"{'KTW', 'ALC'}",195.0
666,"{'KTW', 'ATH'}",155.0
667,"{'KTW', 'CTA'}",153.33333333333334
668,"{'KTW', 'LTN'}",147.5
669,"{'KTW', 'MLA'}",167.5
670,"{'KUF', 'LED'}",143.75
671,"{'KUN', 'BGY'}",145.0
672,"{'KUO', 'HEL'}",60.0
673,"{'ATH', 'KVA'}",70.0
674,"{'KVX', 'LED'}",120.0
675,"{'KVX', 'SVO'}",107.5
676,"{'KVX', 'VKO'}",102.5
677,"{'KZN', 'KUF'}",50.0
678,"{'KZN', 'LED'}",135.0
679,"{'KZN', 'SVO'}",105.0
680,"{'KZN', 'VKO'}",105.0
681,"{'LBA', 'ACE'}",270.0
682,"{'LBA', 'ALC'}",167.5
683,"{'LBA', 'AMS'}",80.0
684,"{'LBA', 'CMF'}",120.0
685,"{'LBA', 'FAO'}",182.5
686,"{'LBA', 'KRK'}",152.5
687,"{'LBA', 'POZ'}",130.0
688,"{'LCG', 'MAD'}",76.66666666666667
689,"{'CEE', 'LED'}",55.0
690,"{'MMK', 'LED'}",110.0
691,"{'LEI', 'MAD'}",75.0
692,"{'FUE', 'LEJ'}",295.0
693,"{'LGG', 'AGP'}",190.0
694,"{'AGP', 'LGW'}",170.0
695,"{'BCN', 'LGW'}",135.0
696,"{'JER', 'LGW'}",55.0
697,"{'OTP', 'LGW'}",225.0
698,"{'LHR', 'ABZ'}",95.0
699,"{'LHR', 'AGP'}",185.0
700,"{'LHR', 'AMS'}",85.0
701,"{'LHR', 'ARN'}",160.0
702,"{'LHR', 'ATH'}",245.0
703,"{'LHR', 'BCN'}",145.0
704,"{'LHR', 'BLL'}",110.0
705,"{'LHR', 'BLQ'}",145.0
706,"{'LHR', 'BRU'}",71.66666666666667
707,"{'BSL', 'LHR'}",100.0
708,"{'LHR', 'EDI'}",85.0
709,"{'LHR', 'GIB'}",185.0
710,"{'LHR', 'GLA'}",87.5
711,"{'LHR', 'GNB'}",110.0
712,"{'LHR', 'GOT'}",127.5
713,"{'LHR', 'GVA'}",102.5
714,"{'LHR', 'LIN'}",120.0
715,"{'LIS', 'LHR'}",170.0
716,"{'LHR', 'LYS'}",112.5
717,"{'LHR', 'MAD'}",147.5
718,"{'LHR', 'MLA'}",210.0
719,"{'LHR', 'MXP'}",130.0
720,"{'LHR', 'NCE'}",130.0
721,"{'LHR', 'NCL'}",77.5
722,"{'LHR', 'OSL'}",147.5
723,"{'LHR', 'OTP'}",200.0
724,"{'LHR', 'SZG'}",130.0
725,"{'LHR', 'TLS'}",115.0
726,"{'LHR', 'VIE'}",140.0
727,"{'LHR', 'ZRH'}",107.5
728,"{'LIL', 'GVA'}",80.0
729,"{'LIN', 'AMS'}",115.0
730,"{'LIN', 'BDS'}",95.0
731,"{'LIN', 'BRU'}",85.0
732,"{'LIN', 'CAG'}",82.5
733,"{'LIN', 'CDG'}",95.0
734,"{'LIN', 'CTA'}",115.0
735,"{'LIN', 'HEL'}",185.0
736,"{'LIN', 'MAD'}",145.0
737,"{'LIN', 'MLA'}",110.0
738,"{'LIN', 'MUC'}",70.0
739,"{'LIN', 'REG'}",100.0
740,"{'LIN', 'SUF'}",97.5
741,"{'LIS', 'ALC'}",105.0
742,"{'LIS', 'AMS'}",190.0
743,"{'LIS', 'BCN'}",117.5
744,"{'LIS', 'BGY'}",175.0
745,"{'LIS', 'BOD'}",115.0
746,"{'LIS', 'BRU'}",170.0
747,"{'LIS', 'CDG'}",155.0
748,"{'LIS', 'CGN'}",185.0
749,"{'LIS', 'CIA'}",190.0
750,"{'LIS', 'GVA'}",155.0
751,"{'LIS', 'HEL'}",275.0
752,"{'LIS', 'LGW'}",155.0
753,"{'LHR', 'LIS'}",165.0
754,"{'LIS', 'LUX'}",160.0
755,"{'LIS', 'LYS'}",145.0
756,"{'LIS', 'MAD'}",80.0
757,"{'LIS', 'MLA'}",210.0
758,"{'LIS', 'MUC'}",190.0
759,"{'LIS', 'MXP'}",175.0
760,"{'LIS', 'OPO'}",60.0
761,"{'LIS', 'ORY'}",151.25
762,"{'LIS', 'OSL'}",250.0
763,"{'LIS', 'PDL'}",137.5
764,"{'LIS', 'TER'}",150.0
765,"{'LIS', 'VIE'}",215.0
766,"{'LIS', 'VLC'}",92.5
767,"{'LIS', 'WMI'}",250.0
768,"{'LIS', 'ZRH'}",170.0
769,"{'LLA', 'ARN'}",80.0
770,"{'ALC', 'LPL'}",170.0
771,"{'LPL', 'BCN'}",155.0
772,"{'LPL', 'GDN'}",145.0
773,"{'LPL', 'OTP'}",220.0
774,"{'RVN', 'LPL'}",245.0
775,"{'LTN', 'AGP'}",172.5
776,"{'LTN', 'BCN'}",125.0
777,"{'LTN', 'BFS'}",75.0
778,"{'CLJ', 'LTN'}",185.0
779,"{'LTN', 'EDI'}",75.0
780,"{'LTN', 'GDN'}",140.0
781,"{'LTN', 'GNB'}",107.5
782,"{'LTN', 'GVA'}",105.0
783,"{'LTN', 'IAS'}",205.0
784,"{'LTN', 'OTP'}",207.5
785,"{'LTN', 'PRN'}",202.5
786,"{'LTN', 'SCV'}",195.0
787,"{'LTN', 'TOS'}",225.0
788,"{'LTN', 'VNO'}",167.5
789,"{'LTN', 'WRO'}",127.5
790,"{'LUX', 'AGP'}",162.5
791,"{'LUX', 'BGY'}",75.0
792,"{'LUX', 'FUE'}",245.0
793,"{'LUX', 'OPO'}",152.5
794,"{'LUZ', 'LTN'}",160.0
795,"{'LYS', 'ACE'}",215.0
796,"{'LYS', 'ARN'}",185.0
797,"{'LYS', 'CDG'}",72.5
798,"{'LYS', 'EDI'}",140.0
799,"{'LYS', 'MAD'}",115.0
800,"{'LYS', 'MUC'}",80.0
801,"{'AGP', 'MAD'}",75.0
802,"{'BCN', 'MAD'}",85.0
803,"{'BLQ', 'MAD'}",155.0
804,"{'BOD', 'MAD'}",85.0
805,"{'BRU', 'MAD'}",147.5
806,"{'FUE', 'MAD'}",160.0
807,"{'HAM', 'MAD'}",175.0
808,"{'LGW', 'MAD'}",145.0
809,"{'OPO', 'MAD'}",75.0
810,"{'MAH', 'BCN'}",52.5
811,"{'MAN', 'ACE'}",262.5
812,"{'MAN', 'AGP'}",177.5
813,"{'MAN', 'ALC'}",167.5
814,"{'MAN', 'AMS'}",77.5
815,"{'MAN', 'BCN'}",135.0
816,"{'MAN', 'BFS'}",61.25
817,"{'MAN', 'BHD'}",70.0
818,"{'MAN', 'BUD'}",162.5
819,"{'MAN', 'CDG'}",87.5
820,"{'MAN', 'CGN'}",97.5
821,"{'MAN', 'CIA'}",167.5
822,"{'MAN', 'CMF'}",125.0
823,"{'MAN', 'CPH'}",115.0
824,"{'MAN', 'FNC'}",242.5
825,"{'MAN', 'FRA'}",100.0
826,"{'MAN', 'FUE'}",267.5
827,"{'MAN', 'GNB'}",115.0
828,"{'MAN', 'GVA'}",116.66666666666667
829,"{'MAN', 'HEL'}",172.5
830,"{'MAN', 'IOM'}",50.0
831,"{'MAN', 'KRK'}",150.0
832,"{'MAN', 'LHR'}",62.5
833,"{'MAN', 'LIS'}",167.5
834,"{'MAN', 'MAD'}",155.0
835,"{'MAN', 'MLA'}",211.66666666666666
836,"{'MAN', 'MUC'}",125.0
837,"{'MAN', 'POZ'}",130.0
838,"{'MAN', 'PRG'}",135.0
839,"{'MAN', 'RMU'}",170.0
840,"{'MAN', 'RZE'}",170.0
841,"{'MAN', 'SDR'}",125.0
842,"{'MAN', 'SVQ'}",170.0
843,"{'MAN', 'SZG'}",135.0
844,"{'MAN', 'VCE'}",145.0
845,"{'MAN', 'VRN'}",145.0
846,"{'MAN', 'WRO'}",137.5
847,"{'MCX', 'DME'}",185.0
848,"{'MCX', 'LED'}",200.0
849,"{'MCX', 'SVO'}",195.0
850,"{'MCX', 'VKO'}",167.5
851,"{'MJT', 'ATH'}",60.0
852,"{'MLA', 'BCN'}",135.0
853,"{'MLA', 'BGY'}",120.0
854,"{'MLA', 'BRU'}",180.0
855,"{'MLA', 'CGN'}",170.0
856,"{'MLA', 'CRL'}",172.5
857,"{'MLA', 'CTA'}",48.333333333333336
858,"{'MLA', 'EDI'}",230.0
859,"{'INI', 'MLA'}",110.0
860,"{'MLA', 'LGW'}",195.0
861,"{'MLA', 'MAD'}",175.0
862,"{'MLA', 'MUC'}",145.0
863,"{'MLA', 'OTP'}",140.0
864,"{'MLA', 'PSA'}",100.0
865,"{'MLA', 'ZRH'}",140.0
866,"{'MLN', 'AGP'}",57.5
867,"{'MLN', 'GRX'}",60.0
868,"{'MLN', 'LEI'}",55.0
869,"{'MMX', 'ARN'}",70.0
870,"{'MMX', 'BMA'}",80.0
871,"{'MPL', 'AMS'}",125.0
872,"{'MPL', 'CDG'}",87.5
873,"{'MRS', 'AGP'}",120.0
874,"{'MRS', 'AJA'}",50.0
875,"{'MRS', 'ALC'}",95.0
876,"{'MRS', 'BIA'}",55.0
877,"{'MRS', 'BUD'}",120.0
878,"{'MRS', 'CDG'}",95.0
879,"{'MRS', 'CRL'}",105.0
880,"{'MRS', 'LIS'}",140.0
881,"{'MRS', 'LYS'}",65.0
882,"{'MRS', 'MAD'}",107.5
883,"{'MRS', 'NTE'}",90.0
884,"{'MRS', 'ORY'}",82.5
885,"{'MRS', 'OTP'}",165.0
886,"{'MRV', 'AER'}",62.5
887,"{'MRV', 'CEE'}",210.0
888,"{'MRV', 'CEK'}",192.5
889,"{'MRV', 'DME'}",195.0
890,"{'MRV', 'KLF'}",185.0
891,"{'MRV', 'KUF'}",160.0
892,"{'MRV', 'LED'}",180.0
893,"{'MRV', 'MQF'}",160.0
894,"{'MRV', 'NBC'}",170.0
895,"{'MRV', 'PEE'}",197.5
896,"{'MRV', 'SVO'}",197.5
897,"{'MRV', 'UFA'}",170.0
898,"{'MRV', 'VKO'}",142.5
899,"{'MRV', 'VOG'}",130.0
900,"{'MSQ', 'LED'}",85.0
901,"{'MSQ', 'SVO'}",90.0
902,"{'MSQ', 'VKO'}",85.0
903,"{'MUC', 'AGP'}",180.0
904,"{'ALC', 'MUC'}",155.0
905,"{'ARN', 'MUC'}",135.0
906,"{'MUC', 'BCN'}",125.0
907,"{'MUC', 'BHX'}",115.0
908,"{'MUC', 'BLQ'}",67.5
909,"{'MUC', 'BRU'}",77.5
910,"{'DRS', 'MUC'}",55.0
911,"{'MUC', 'FMO'}",65.0
912,"{'MUC', 'FUE'}",265.0
913,"{'MUC', 'GRZ'}",50.0
914,"{'MUC', 'HAM'}",77.5
915,"{'MUC', 'LGW'}",110.0
916,"{'MUC', 'PRN'}",120.0
917,"{'MUC', 'SKG'}",130.0
918,"{'MUC', 'STR'}",50.0
919,"{'MUC', 'VLC'}",145.0
920,"{'MXP', 'ALC'}",127.5
921,"{'MXP', 'AMS'}",117.5
922,"{'MXP', 'ATH'}",147.5
923,"{'MXP', 'BCM'}",150.0
924,"{'MXP', 'BCN'}",97.5
925,"{'MXP', 'CAG'}",90.0
926,"{'MXP', 'CDG'}",90.0
927,"{'MXP', 'CTA'}",117.5
928,"{'MXP', 'FUE'}",245.0
929,"{'MXP', 'HEL'}",185.0
930,"{'MXP', 'LGW'}",116.25
931,"{'MXP', 'MAD'}",142.5
932,"{'MXP', 'MUC'}",70.0
933,"{'MXP', 'OPO'}",155.0
934,"{'MXP', 'ORY'}",95.0
935,"{'MXP', 'PRN'}",130.0
936,"{'MXP', 'RZE'}",127.5
937,"{'MXP', 'SUF'}",110.0
938,"{'MXP', 'TGD'}",110.0
939,"{'MXP', 'VIE'}",90.0
940,"{'MXP', 'VNO'}",165.0
941,"{'MXP', 'ZRH'}",57.5
942,"{'NAP', 'BCN'}",117.5
943,"{'NAP', 'BGY'}",85.0
944,"{'NAP', 'CRL'}",137.5
945,"{'NAP', 'CTA'}",65.0
946,"{'NAP', 'FCO'}",55.0
947,"{'NAP', 'KRK'}",120.0
948,"{'NAP', 'LIN'}",77.5
949,"{'NAP', 'MXP'}",92.5
950,"{'NAP', 'OTP'}",117.5
951,"{'NAP', 'PMO'}",60.0
952,"{'NAP', 'SOF'}",100.0
953,"{'NAP', 'STN'}",175.0
954,"{'NAP', 'TRS'}",75.0
955,"{'NAP', 'VCE'}",80.0
956,"{'NAP', 'VIE'}",105.0
957,"{'NAP', 'VLC'}",125.0
958,"{'NBC', 'LED'}",145.0
959,"{'NCE', 'BCN'}",80.0
960,"{'NCE', 'BIA'}",50.0
961,"{'NCE', 'CDG'}",96.66666666666667
962,"{'NCE', 'MAD'}",120.0
963,"{'NCE', 'ZRH'}",72.5
964,"{'NCL', 'AGP'}",190.0
965,"{'NCL', 'ALC'}",177.5
966,"{'NCL', 'FUE'}",275.0
967,"{'NNM', 'KZN'}",145.0
968,"{'NOZ', 'SVO'}",287.5
969,"{'NQY', 'LGW'}",80.0
970,"{'NRN', 'AGP'}",182.5
971,"{'NRN', 'SKG'}",170.0
972,"{'NTE', 'ACE'}",195.0
973,"{'NTE', 'AMS'}",92.5
974,"{'NTE', 'FUE'}",200.0
975,"{'NTE', 'GVA'}",82.5
976,"{'NTE', 'MAD'}",100.0
977,"{'NTE', 'MRS'}",90.0
978,"{'NUE', 'SKG'}",145.0
979,"{'NYO', 'OTP'}",175.0
980,"{'OGZ', 'VKO'}",175.0
981,"{'OHD', 'ZRH'}",125.0
982,"{'OLB', 'FCO'}",60.0
983,"{'OLB', 'LIN'}",67.5
984,"{'OMR', 'OTP'}",82.5
985,"{'MAD', 'OPO'}",80.0
986,"{'ORY', 'ACE'}",235.0
987,"{'ORY', 'AGP'}",150.0
988,"{'ORY', 'BCN'}",100.0
989,"{'ORY', 'BIA'}",100.0
990,"{'ORY', 'IVL'}",265.0
991,"{'ORY', 'LDE'}",85.0
992,"{'ORY', 'LGW'}",72.5
993,"{'ORY', 'MAD'}",125.0
994,"{'ORY', 'MLA'}",167.5
995,"{'ORY', 'MPL'}",85.0
996,"{'ORY', 'MXP'}",85.0
997,"{'ORY', 'NCE'}",87.5
998,"{'ORY', 'OPO'}",135.0
999,"{'ORY', 'SOU'}",90.0
1000,"{'ORY', 'TLS'}",75.0
1001,"{'ORY', 'VLC'}",116.66666666666667
1002,"{'OSL', 'AGP'}",250.0
1003,"{'OSL', 'ALC'}",230.0
1004,"{'OSL', 'AMS'}",115.0
1005,"{'OSL', 'ARN'}",72.5
1006,"{'OSL', 'BGO'}",56.25
1007,"{'OSL', 'CDG'}",150.0
1008,"{'OSL', 'GOT'}",55.0
1009,"{'OSL', 'HEL'}",125.0
1010,"{'OSL', 'SVG'}",60.0
1011,"{'OSL', 'TOS'}",117.5
1012,"{'OSL', 'ZRH'}",150.0
1013,"{'OSW', 'SVO'}",160.0
1014,"{'BLL', 'OTP'}",160.0
1015,"{'BLQ', 'OTP'}",125.0
1016,"{'CIA', 'OTP'}",120.0
1017,"{'LGW', 'OTP'}",190.0
1018,"{'OVD', 'ACE'}",160.0
1019,"{'OVD', 'BCN'}",85.0
1020,"{'OVD', 'MAD'}",75.0
1021,"{'OVD', 'NRN'}",132.5
1022,"{'PDL', 'HOR'}",57.5
1023,"{'PDL', 'OPO'}",145.0
1024,"{'PDL', 'SMA'}",30.0
1025,"{'PEE', 'LED'}",146.25
1026,"{'PEE', 'SVO'}",135.0
1027,"{'PEE', 'VKO'}",127.5
1028,"{'PES', 'VKO'}",95.0
1029,"{'PMF', 'CAG'}",80.0
1030,"{'PMO', 'BCN'}",115.0
1031,"{'PMO', 'BGY'}",100.0
1032,"{'PMO', 'BLQ'}",90.0
1033,"{'PMO', 'FCO'}",75.0
1034,"{'PMO', 'FMM'}",117.5
1035,"{'PMO', 'LIN'}",95.0
1036,"{'PMO', 'MAD'}",160.0
1037,"{'PMO', 'MXP'}",105.0
1038,"{'PMO', 'NAP'}",60.0
1039,"{'PMO', 'NUE'}",127.5
1040,"{'PMO', 'PSA'}",80.0
1041,"{'PMO', 'STN'}",190.0
1042,"{'PMO', 'TRN'}",100.0
1043,"{'PMO', 'VCE'}",95.0
1044,"{'PMO', 'VLC'}",127.5
1045,"{'PMO', 'VRN'}",92.5
1046,"{'PNA', 'MAD'}",65.0
1047,"{'PRG', 'AGP'}",200.0
1048,"{'PRG', 'BCN'}",147.5
1049,"{'PRG', 'BGY'}",80.0
1050,"{'PRG', 'CDG'}",105.0
1051,"{'PRG', 'GVA'}",90.0
1052,"{'PRG', 'HEL'}",135.0
1053,"{'PRG', 'MAD'}",185.0
1054,"{'PRN', 'HAM'}",158.75
1055,"{'PRN', 'STR'}",125.0
1056,"{'PSA', 'CRL'}",105.0
1057,"{'PSA', 'MAD'}",145.0
1058,"{'PSA', 'OPO'}",155.0
1059,"{'PSA', 'VLC'}",110.0
1060,"{'BGY', 'PSR'}",75.0
1061,"{'PUY', 'ZRH'}",85.0
1062,"{'PXO', 'FNC'}",25.0
1063,"{'PXO', 'OSL'}",305.0
1064,"{'REN', 'LED'}",172.5
1065,"{'REN', 'SVO'}",141.66666666666666
1066,"{'RIX', 'AMS'}",145.0
1067,"{'RIX', 'ARN'}",70.0
1068,"{'RIX', 'BRS'}",180.0
1069,"{'RIX', 'CPH'}",90.0
1070,"{'RIX', 'GVA'}",165.0
1071,"{'RIX', 'HEL'}",65.0
1072,"{'RIX', 'KTT'}",115.0
1073,"{'RIX', 'LIS'}",270.0
1074,"{'RIX', 'PLQ'}",39.0
1075,"{'RIX', 'STN'}",175.0
1076,"{'RIX', 'SZG'}",132.5
1077,"{'RIX', 'TLL'}",50.0
1078,"{'RIX', 'VIE'}",127.5
1079,"{'RIX', 'VNO'}",48.0
1080,"{'RIX', 'WAW'}",80.0
1081,"{'RTM', 'AGP'}",172.5
1082,"{'RTM', 'ALC'}",150.0
1083,"{'RTM', 'SZG'}",90.0
1084,"{'SBT', 'DME'}",69.0
1085,"{'SBZ', 'LTN'}",182.5
1086,"{'SBZ', 'MUC'}",102.5
1087,"{'SCQ', 'ACE'}",155.0
1088,"{'SCQ', 'MAD'}",72.5
1089,"{'SCQ', 'VLC'}",92.5
1090,"{'OTP', 'SCV'}",70.0
1091,"{'SCW', 'LED'}",115.0
1092,"{'SCW', 'SVO'}",120.0
1093,"{'SCW', 'VKO'}",125.0
1094,"{'SDR', 'MAD'}",70.0
1095,"{'SEN', 'GVA'}",95.0
1096,"{'SIP', 'LED'}",195.0
1097,"{'SJJ', 'CGN'}",115.0
1098,"{'RHO', 'SKG'}",75.0
1099,"{'STR', 'SKG'}",135.0
1100,"{'BOO', 'SKN'}",35.0
1101,"{'SKN', 'TOS'}",40.0
1102,"{'SKP', 'ATH'}",90.0
1103,"{'SKP', 'BEG'}",70.0
1104,"{'SKP', 'BTS'}",92.5
1105,"{'SKP', 'CGN'}",157.5
1106,"{'SKP', 'CPH'}",175.0
1107,"{'SKP', 'EIN'}",155.0
1108,"{'SKP', 'FCO'}",105.0
1109,"{'SKP', 'FKB'}",135.0
1110,"{'SKP', 'FRA'}",145.0
1111,"{'SKP', 'MLA'}",102.5
1112,"{'SKP', 'NYO'}",185.0
1113,"{'SKP', 'ZAG'}",85.0
1114,"{'SKP', 'ZRH'}",130.0
1115,"{'SOF', 'ALC'}",202.5
1116,"{'SOF', 'ATH'}",80.0
1117,"{'SOF', 'BCN'}",175.0
1118,"{'SOF', 'BGY'}",120.0
1119,"{'SOF', 'BRS'}",200.0
1120,"{'SOF', 'CPH'}",185.0
1121,"{'SOF', 'CRL'}",165.0
1122,"{'SOF', 'CTA'}",110.0
1123,"{'SOF', 'EIN'}",155.0
1124,"{'SOF', 'FKB'}",135.0
1125,"{'SOF', 'FMM'}",122.5
1126,"{'SOF', 'LGW'}",195.0
1127,"{'SOF', 'LTN'}",200.0
1128,"{'SOF', 'MAD'}",220.0
1129,"{'SOF', 'MLA'}",112.5
1130,"{'SOF', 'MUC'}",120.0
1131,"{'SOF', 'NAP'}",100.0
1132,"{'SOF', 'NCE'}",130.0
1133,"{'SOF', 'STN'}",200.0
1134,"{'SOF', 'TSF'}",110.0
1135,"{'SOF', 'VAR'}",50.0
1136,"{'SOF', 'VIE'}",95.0
1137,"{'SOF', 'WAW'}",120.0
1138,"{'JER', 'SOU'}",50.0
1139,"{'SPC', 'BCN'}",212.5
1140,"{'SPC', 'MAD'}",170.0
1141,"{'SPU', 'AMS'}",145.0
1142,"{'STN', 'ACE'}",255.0
1143,"{'STN', 'AGP'}",175.0
1144,"{'STN', 'ALC'}",160.0
1145,"{'STN', 'AMS'}",70.0
1146,"{'STN', 'ARN'}",147.5
1147,"{'STN', 'ATH'}",215.0
1148,"{'STN', 'BCN'}",137.5
1149,"{'STN', 'BFS'}",80.0
1150,"{'STN', 'BGY'}",120.0
1151,"{'STN', 'BLL'}",95.0
1152,"{'STN', 'BLQ'}",125.0
1153,"{'STN', 'BOD'}",102.5
1154,"{'STN', 'BTS'}",135.0
1155,"{'STN', 'BUD'}",150.0
1156,"{'STN', 'BZG'}",130.0
1157,"{'STN', 'CGN'}",77.5
1158,"{'STN', 'CIA'}",152.5
1159,"{'STN', 'CMF'}",110.0
1160,"{'STN', 'CTA'}",202.5
1161,"{'STN', 'EDI'}",80.0
1162,"{'STN', 'EIN'}",65.0
1163,"{'STN', 'FAO'}",170.0
1164,"{'STN', 'FUE'}",255.0
1165,"{'STN', 'GDN'}",135.0
1166,"{'STN', 'GNB'}",110.0
1167,"{'STN', 'GOA'}",130.0
1168,"{'STN', 'GOT'}",112.5
1169,"{'STN', 'GVA'}",107.5
1170,"{'STN', 'KRK'}",145.0
1171,"{'STN', 'KTW'}",140.0
1172,"{'STN', 'LCJ'}",140.0
1173,"{'STN', 'LIS'}",165.0
1174,"{'STN', 'MAD'}",155.0
1175,"{'STN', 'MRS'}",120.0
1176,"{'STN', 'MXP'}",117.5
1177,"{'STN', 'NAP'}",155.0
1178,"{'STN', 'NUE'}",100.0
1179,"{'STN', 'OPO'}",147.5
1180,"{'STN', 'OTP'}",195.0
1181,"{'STN', 'POZ'}",125.0
1182,"{'STN', 'PRG'}",115.0
1183,"{'STN', 'PSA'}",132.5
1184,"{'STN', 'RIX'}",155.0
1185,"{'STN', 'SCQ'}",130.0
1186,"{'STN', 'SKG'}",190.0
1187,"{'STN', 'SOF'}",180.0
1188,"{'STN', 'SVQ'}",165.0
1189,"{'STN', 'SZG'}",120.0
1190,"{'STN', 'SZY'}",142.5
1191,"{'STN', 'SZZ'}",115.0
1192,"{'STN', 'TIA'}",185.0
1193,"{'STN', 'TRF'}",120.0
1194,"{'STN', 'TRN'}",117.5
1195,"{'STN', 'TRS'}",130.0
1196,"{'STN', 'VCE'}",120.0
1197,"{'STN', 'VGO'}",130.0
1198,"{'STN', 'VIE'}",135.0
1199,"{'STN', 'VLC'}",155.0
1200,"{'STN', 'VNO'}",175.0
1201,"{'STN', 'VRN'}",122.5
1202,"{'STN', 'WMI'}",135.0
1203,"{'STN', 'WRO'}",125.0
1204,"{'STN', 'ZAG'}",135.0
1205,"{'STN', 'ZAZ'}",132.5
1206,"{'OTP', 'STR'}",145.0
1207,"{'SKG', 'STR'}",150.0
1208,"{'SVG', 'ALC'}",212.5
1209,"{'SVG', 'AMS'}",95.0
1210,"{'SVG', 'BGO'}",40.0
1211,"{'SVG', 'GDN'}",107.5
1212,"{'SVG', 'OSL'}",50.0
1213,"{'SVJ', 'BOO'}",25.0
1214,"{'ARH', 'SVO'}",112.5
1215,"{'SVO', 'CEE'}",55.0
1216,"{'CEK', 'SVO'}",167.5
1217,"{'SVO', 'GRV'}",175.0
1218,"{'IJK', 'SVO'}",135.0
1219,"{'SVO', 'KGD'}",168.33333333333334
1220,"{'KJA', 'SVO'}",317.5
1221,"{'SVO', 'KUF'}",113.75
1222,"{'SVO', 'LED'}",92.5
1223,"{'SVO', 'MMK'}",158.0
1224,"{'SVO', 'MQF'}",152.5
1225,"{'SVO', 'NBC'}",118.33333333333333
1226,"{'SVO', 'STW'}",200.0
1227,"{'SVQ', 'ACE'}",120.0
1228,"{'SVQ', 'BCN'}",100.0
1229,"{'SVQ', 'BGY'}",160.0
1230,"{'SVQ', 'CDG'}",160.0
1231,"{'SVQ', 'CIA'}",160.0
1232,"{'SVQ', 'CTA'}",180.0
1233,"{'SVQ', 'FUE'}",127.5
1234,"{'SVQ', 'MAD'}",67.5
1235,"{'SVQ', 'MAN'}",180.0
1236,"{'SVQ', 'MXP'}",155.0
1237,"{'SVQ', 'NUE'}",185.0
1238,"{'SVQ', 'ORY'}",150.0
1239,"{'SVQ', 'PSA'}",150.0
1240,"{'SVQ', 'STN'}",170.0
1241,"{'SVQ', 'WAW'}",235.0
1242,"{'SZG', 'AMS'}",105.0
1243,"{'SZG', 'ARN'}",127.5
1244,"{'SZG', 'BRS'}",125.0
1245,"{'SZG', 'HAM'}",77.5
1246,"{'SZG', 'HEL'}",150.0
1247,"{'SZG', 'LGW'}",125.0
1248,"{'SZZ', 'OSL'}",90.0
1249,"{'TER', 'PDL'}",42.5
1250,"{'TER', 'PIX'}",35.0
1251,"{'TIA', 'ARN'}",195.0
1252,"{'TIA', 'ATH'}",80.0
1253,"{'TIA', 'BCN'}",170.0
1254,"{'TIA', 'BGY'}",115.0
1255,"{'TIA', 'BLQ'}",100.0
1256,"{'TIA', 'BRI'}",60.0
1257,"{'TIA', 'BVA'}",162.5
1258,"{'TIA', 'CIA'}",87.5
1259,"{'TIA', 'CRL'}",162.5
1260,"{'TIA', 'EDI'}",220.0
1261,"{'TIA', 'FCO'}",90.0
1262,"{'TIA', 'GOA'}",107.5
1263,"{'TIA', 'HAM'}",157.5
1264,"{'TIA', 'HHN'}",147.5
1265,"{'TIA', 'LTN'}",197.5
1266,"{'TIA', 'LYS'}",130.0
1267,"{'TIA', 'MXP'}",122.5
1268,"{'TIA', 'NUE'}",120.0
1269,"{'TIA', 'PEG'}",85.0
1270,"{'TIA', 'PSA'}",102.5
1271,"{'TIA', 'STN'}",185.0
1272,"{'TIA', 'TRS'}",102.5
1273,"{'TIA', 'TSF'}",105.0
1274,"{'TIA', 'VRN'}",110.0
1275,"{'TLL', 'ARN'}",60.0
1276,"{'TLL', 'GVA'}",175.0
1277,"{'TLL', 'HEL'}",35.0
1278,"{'TLL', 'LGW'}",170.0
1279,"{'TLS', 'BOD'}",50.0
1280,"{'TLS', 'MAD'}",85.0
1281,"{'TLS', 'MLA'}",140.0
1282,"{'TLS', 'MUC'}",107.5
1283,"{'TMP', 'AMS'}",150.0
1284,"{'TMP', 'TLL'}",45.0
1285,"{'TOS', 'BGO'}",120.0
1286,"{'TOS', 'GDN'}",172.5
1287,"{'TRD', 'ALC'}",260.0
1288,"{'TRD', 'AMS'}",145.0
1289,"{'TRD', 'BGO'}",65.0
1290,"{'TRD', 'BOO'}",75.0
1291,"{'TRD', 'HEL'}",140.0
1292,"{'TRD', 'OSL'}",57.5
1293,"{'TRF', 'AMS'}",100.0
1294,"{'TRF', 'BGO'}",52.5
1295,"{'TRF', 'WAW'}",110.0
1296,"{'TRF', 'WMI'}",110.0
1297,"{'TRN', 'ARN'}",165.0
1298,"{'TRN', 'BCN'}",85.0
1299,"{'TRN', 'BDS'}",102.5
1300,"{'TRN', 'CAG'}",85.0
1301,"{'TRN', 'CTA'}",115.0
1302,"{'TRN', 'GOT'}",135.0
1303,"{'TRN', 'LGW'}",115.0
1304,"{'TRN', 'MAD'}",140.0
1305,"{'TRN', 'MUC'}",72.5
1306,"{'TRN', 'OTP'}",155.0
1307,"{'TRN', 'SUF'}",107.5
1308,"{'TRN', 'VNO'}",162.5
1309,"{'TSF', 'BVA'}",102.5
1310,"{'TSF', 'CRL'}",97.5
1311,"{'TSF', 'MLA'}",115.0
1312,"{'TSF', 'MRS'}",82.5
1313,"{'TSF', 'OTP'}",120.0
1314,"{'TSF', 'SOF'}",100.0
1315,"{'TSF', 'TIA'}",90.0
1316,"{'TSF', 'VIE'}",75.0
1317,"{'TSF', 'VLC'}",130.0
1318,"{'TSR', 'BGY'}",105.0
1319,"{'TSR', 'BVA'}",145.0
1320,"{'TSR', 'OTP'}",60.0
1321,"{'TUF', 'STN'}",85.0
1322,"{'UFA', 'AER'}",205.0
1323,"{'UFA', 'DME'}",140.0
1324,"{'UFA', 'KJA'}",205.0
1325,"{'UFA', 'LED'}",167.5
1326,"{'UFA', 'SVO'}",141.25
1327,"{'UFA', 'VKO'}",130.0
1328,"{'ULV', 'LED'}",127.5
1329,"{'ULV', 'SVO'}",105.0
1330,"{'ULV', 'VKO'}",95.0
1331,"{'UME', 'ARN'}",65.0
1332,"{'UUA', 'VKO'}",110.0
1333,"{'VAA', 'HEL'}",60.0
1334,"{'CGN', 'VAR'}",165.0
1335,"{'VAR', 'HAM'}",160.0
1336,"{'VCE', 'AMS'}",112.5
1337,"{'VCE', 'BCN'}",117.5
1338,"{'VCE', 'BRI'}",80.0
1339,"{'VCE', 'CDG'}",110.0
1340,"{'VCE', 'CTA'}",108.33333333333333
1341,"{'VCE', 'EDI'}",165.0
1342,"{'VCE', 'FCO'}",75.0
1343,"{'VCE', 'FRA'}",90.0
1344,"{'VCE', 'LHR'}",140.0
1345,"{'VCE', 'LIS'}",190.0
1346,"{'VCE', 'MAD'}",165.0
1347,"{'VCE', 'MAN'}",145.0
1348,"{'VCE', 'MUC'}",65.0
1349,"{'VCE', 'NAP'}",75.0
1350,"{'VCE', 'ORY'}",110.0
1351,"{'VCE', 'PMO'}",95.0
1352,"{'VCE', 'SKP'}",100.0
1353,"{'VCE', 'STN'}",135.0
1354,"{'VCE', 'SUF'}",100.0
1355,"{'VGO', 'BCN'}",105.0
1356,"{'VGO', 'MAD'}",75.0
1357,"{'VIE', 'AGP'}",200.0
1358,"{'VIE', 'ATH'}",125.0
1359,"{'VIE', 'BCN'}",142.5
1360,"{'VIE', 'BGY'}",85.0
1361,"{'VIE', 'BRU'}",105.0
1362,"{'VIE', 'CDG'}",122.5
1363,"{'VIE', 'CLJ'}",80.0
1364,"{'VIE', 'FUE'}",285.0
1365,"{'VIE', 'GVA'}",95.0
1366,"{'VIE', 'HAM'}",95.0
1367,"{'VIE', 'HEL'}",147.5
1368,"{'VIE', 'KLU'}",45.0
1369,"{'VIE', 'LGW'}",142.5
1370,"{'VIE', 'LUX'}",110.0
1371,"{'VIE', 'MAD'}",190.0
1372,"{'VIE', 'MLA'}",140.0
1373,"{'VIE', 'MUC'}",62.5
1374,"{'VIE', 'MXP'}",85.0
1375,"{'VIE', 'OTP'}",100.0
1376,"{'VIE', 'SDR'}",160.0
1377,"{'VIE', 'STR'}",75.0
1378,"{'VIE', 'TLL'}",145.0
1379,"{'VIE', 'TOS'}",220.0
1380,"{'VIE', 'ZRH'}",81.66666666666667
1381,"{'VKO', 'GRV'}",195.0
1382,"{'KGD', 'VKO'}",115.0
1383,"{'VKO', 'KUF'}",112.5
1384,"{'VKO', 'LED'}",90.0
1385,"{'VKO', 'MMK'}",155.0
1386,"{'NBC', 'VKO'}",110.0
1387,"{'VLC', 'BLQ'}",120.0
1388,"{'VLC', 'BRU'}",142.5
1389,"{'VLC', 'MAD'}",62.5
1390,"{'VLC', 'OPO'}",95.0
1391,"{'VNO', 'AGP'}",265.0
1392,"{'VNO', 'BVA'}",160.0
1393,"{'VNO', 'HEL'}",105.0
1394,"{'VNO', 'MUC'}",125.0
1395,"{'VOG', 'LED'}",155.0
1396,"{'VOG', 'SVO'}",125.0
1397,"{'VOG', 'VKO'}",107.5
1398,"{'VOZ', 'LED'}",115.0
1399,"{'VRN', 'GDN'}",125.0
1400,"{'VRN', 'POZ'}",107.5
1401,"{'VRN', 'SUF'}",95.0
1402,"{'VSE', 'CAT'}",50.0
1403,"{'VSE', 'VRL'}",10.0
1404,"{'WAW', 'AMS'}",130.0
1405,"{'WAW', 'ATH'}",150.0
1406,"{'WAW', 'BCN'}",190.0
1407,"{'WAW', 'BGY'}",127.5
1408,"{'WAW', 'BRU'}",127.5
1409,"{'WAW', 'BUD'}",80.0
1410,"{'WAW', 'CDG'}",150.0
1411,"{'WAW', 'CLJ'}",90.0
1412,"{'WAW', 'FUE'}",330.0
1413,"{'WAW', 'GDN'}",57.5
1414,"{'WAW', 'GNB'}",140.0
1415,"{'WAW', 'GVA'}",140.0
1416,"{'WAW', 'HEL'}",105.0
1417,"{'WAW', 'KRK'}",57.5
1418,"{'WAW', 'KTW'}",50.0
1419,"{'WAW', 'LHR'}",170.0
1420,"{'WAW', 'LJU'}",95.0
1421,"{'WAW', 'LTN'}",155.0
1422,"{'WAW', 'MUC'}",105.0
1423,"{'WAW', 'OTP'}",110.0
1424,"{'WAW', 'PRG'}",80.0
1425,"{'WAW', 'TLL'}",97.5
1426,"{'WAW', 'VNO'}",67.5
1427,"{'WAW', 'VRN'}",120.0
1428,"{'WAW', 'WRO'}",56.666666666666664
1429,"{'WAW', 'ZRH'}",125.0
1430,"{'WMI', 'AGP'}",237.5
1431,"{'WMI', 'BCN'}",184.5
1432,"{'WMI', 'CIA'}",137.5
1433,"{'WMI', 'CRL'}",125.0
1434,"{'WRO', 'AGP'}",220.0
1435,"{'WRO', 'BHX'}",125.0
1436,"{'BVA', 'WRO'}",115.0
1437,"{'WRO', 'VLC'}",187.5
1438,"{'XRY', 'BCN'}",105.0
1439,"{'XRY', 'MAD'}",77.5
1440,"{'ZAG', 'AMS'}",130.0
1441,"{'ZAG', 'CRL'}",115.0
1442,"{'ZAG', 'HHN'}",95.0
1443,"{'ZAG', 'LHR'}",155.0
1444,"{'ZAG', 'MUC'}",70.0
1445,"{'ZAG', 'SJJ'}",50.0
1446,"{'ZAG', 'SPU'}",50.0
1447,"{'ZAG', 'VIE'}",50.0
1448,"{'ZAG', 'ZRH'}",90.0
1449,"{'ZAZ', 'BVA'}",105.0
1450,"{'ZRH', 'AGP'}",155.0
1451,"{'ZRH', 'ARN'}",145.0
1452,"{'ZRH', 'BCN'}",105.0
1453,"{'ZRH', 'BLQ'}",70.0
1454,"{'ZRH', 'BRU'}",72.5
1455,"{'ZRH', 'CDG'}",75.0
1456,"{'ZRH', 'EDI'}",135.0
1457,"{'ZRH', 'GOT'}",120.0
1458,"{'ZRH', 'GVA'}",55.0
1459,"{'ZRH', 'HAM'}",82.5
1460,"{'ZRH', 'HEL'}",170.0
1461,"{'ZRH', 'MAD'}",145.0
1462,"{'ZRH', 'MUC'}",55.0
1463,"{'ZRH', 'OPO'}",160.0
1464,"{'ZRH', 'OTP'}",150.0
1465,"{'ZRH', 'PRN'}",127.5
1466,"{'ZRH', 'RVN'}",205.0
1467,"{'ZRH', 'STR'}",45.0
1468,"{'ZTH', 'ATH'}",62.5
